{
  "meta_title": "",
  "meta_description": "",
  "sections": [
    {
      "type": "banner-slider",
      "autoplay": 9000,
      "slides": [
        {
          "start": "2020-06-25T20:24:30.000Z",
          "end": "",
          "img": "/img/uploads/3-1.jpg",
          "mobile_img": "/img/uploads/3-mobile.jpg"
        },
        {
          "start": "2020-11-01T03:01:00.000Z",
          "end": "2020-12-01T02:59:00.000Z",
          "img": "/img/uploads/banner_desktop.png",
          "mobile_img": "/img/uploads/banner_mobile.png",
          "link": "https://www.brunnayrezende.com.br/black-november"
        }
      ]
    },
    {
      "type": "info-bar",
      "enabled": false
    },
    {
      "type": "collection-shelf",
      "shuffle": true,
      "collection_id": null,
      "title": "VITRINE DO DIA"
    },
    {
      "type": "banners-grid",
      "banners": [
        {
          "img": "/img/uploads/banner-vestidos.jpg",
          "link": "https://www.brunnayrezende.com.br/vestidos"
        },
        {
          "img": "/img/uploads/banner-5.jpg",
          "link": "https://www.brunnayrezende.com.br/blusas"
        },
        {
          "img": "/img/uploads/banner-amor.jpg",
          "link": "https://www.brunnayrezende.com.br/vestidos"
        }
      ]
    },
    {
      "type": "collection-shelf",
      "shuffle": true,
      "sort": "news",
      "title": "SELECIONAMOS ALGUNS MODELOS PARA VOCÊ"
    },
    {
      "type": "banners-grid",
      "banners": [
        {
          "img": "/img/uploads/banner-insta.png",
          "alt": "Instagram Brunnay Rezende",
          "link": "https://www.instagram.com/brunnayrezende/"
        }
      ]
    },
    {
      "type": "custom-html",
      "html": "<script src=\"https://www.sowecms.com/demos/InstagramFeed/dist/InstagramFeed.min.js\"></script>\n<div id=\"instagram-feed\" class=\"instagram_feed\"></div>\n<script>\n    (function(){\n        new InstagramFeed({\n            'username': 'brunnayrezende',\n            'container': document.getElementById(\"instagram-feed\"),\n            'display_profile': false,\n            'display_biography': false,\n            'display_igtv': false,\n            'display_gallery': true,\n            'get_raw_json': false,\n            'callback': null,\n            'styling': true,\n            'items': 3,\n            'items_per_row': 3,\n            'margin': 1 \n        });\n    })();\n</script>"
    }
  ]
}