{
  "title": "Formas de pagamento",
  "meta_title": "Formas de pagamento",
  "meta_description": "Formas de pagamento",
  "body": "<!--StartFragment-->\n\n**Cartões de Crédito**\\\nTrabalhamos com praticamente todas as bandeiras de cartão de crédito, e utilizamos o sistema do PayPal para que você tenha mais segurança na sua transação.\n\n**Parcelamento**\\\nParcelamos todas as suas compras em até 6X sem juros.\n\n**Boleto Bancário**\\\nNão tem cartão de crédito? Você tem a opção de pagar através de Boleto Bancário. Pagando com Boleto Bancário, você tem 5% de desconto aplicado em seu pedido.\n\n\n\n<!--EndFragment-->",
  "sections": [
    {
      "type": "breadcrumbs",
      "enabled": true
    },
    {
      "type": "page-title"
    },
    {
      "type": "extra-page",
      "enabled": true
    },
    {
      "type": "collection-shelf",
      "shuffle": true,
      "title": "QUER APROVEITAR AGORA?"
    }
  ]
}