{
  "assetsByChunkName": {
    "vendors~app-account~app-confirmation~app-order": [
      "chunk.7bf6537d439552cdf073.js",
      "chunk.7bf6537d439552cdf073.js.map"
    ],
    "vendors~app-account~app-checkout": [
      "chunk.4d1dc70d53e05ea83d8e.js",
      "chunk.4d1dc70d53e05ea83d8e.js.map"
    ],
    "vendors~app-cart~app-checkout": [
      "chunk.6275da85286c6d16f48c.js",
      "chunk.6275da85286c6d16f48c.js.map"
    ],
    "admin": [
      "admin.490ffa74f9a2d40e6f3e.js",
      "admin.490ffa74f9a2d40e6f3e.js.map"
    ],
    "app-account": [
      "chunk.6729dad9d31d33c32098.js",
      "chunk.6729dad9d31d33c32098.js.map"
    ],
    "app-cart": [
      "chunk.251b61557197491bce63.js",
      "chunk.251b61557197491bce63.js.map"
    ],
    "app-confirmation": [
      "chunk.f97bdbcd8906b02c9a88.js",
      "chunk.f97bdbcd8906b02c9a88.js.map"
    ],
    "app-order": [
      "chunk.447ddf46dae2cc4eb4c3.js",
      "chunk.447ddf46dae2cc4eb4c3.js.map"
    ],
    "checkout": [
      "checkout.f97d8681538e1357a40f.js",
      "checkout.f97d8681538e1357a40f.js.map"
    ],
    "storefront": [
      "storefront.e2390534a1a122a489e5.css",
      "storefront.9f521f78728e8e9adf0b.js",
      "storefront.e2390534a1a122a489e5.css.map",
      "storefront.9f521f78728e8e9adf0b.js.map"
    ],
    "vendors~app-checkout": [
      "chunk.5a44a5b00e2cf71e0db4.js",
      "chunk.5a44a5b00e2cf71e0db4.js.map"
    ]
  }
}